"Excuse me, can you please tell me how to get to the digital laboratory?",1
"I'm a bit lost, could you guide me to the digital electronics lab?",1
I need directions to the digital electronics lab. Can you help me find it?,1
"Hi, I'm looking for the digital laboratory. Do you know where it is?",1
Where can I find the digital lab on this campus?,1
Could you point me in the right direction for the digital lab?,1
I'm trying to locate the digital laboratory. Any idea?,1
"Sorry, I'm new here. How do I get to the digital lab?",1
I'm a bit turned around. Can you direct me to the digital lab?,1
Is the digital lab nearby? How do I get there?,1
I can't seem to find the digital lab. Can you give me directions?,1
I'm looking for the digital laboratory. Can you show me the way?,1
"Excuse me, which way to the digital lab, please?",1
Where is the digital lab located? I need to find it.,1
I'm lost on campus. Can you help me locate the digital lab?,1
I've been searching for the digital electronic lab. How can I reach it?,1
Do you know how I can get to the digital laboratory?,1
I'm trying to get to the digital lab. Any guidance?,1
I'm not sure where the digital electronic lab is. Can you point me there?,1
How can I reach the digital electronic laboratory from here?,1
"Excuse me, I'm trying to locate the digital electronics lab. Any idea where it is?",1
Where's the digital electronic lab? I seem to have lost my way.,1
I need to find the digital electronic laboratory. Can you assist me?,1
I'm on the hunt for the digital electronics lab. How can I get there?,1
I can't find my way to the digital electronics lab. Can you help?,1
Could you tell me the route to the digital electronics laboratory?,1
I'm looking for the digital electronic lab. Can you direct me there?,1
"Hi, can you show me how to reach the digital electronic lab?",1
How do I reach the digital electronic laboratory from here?,1
"I've heard about the digital electronic lab, but I'm not sure where it is.",1
Is there a map to the digital lab? I'm lost.,1
"Can you guide me to the digital laboratory, please?",1
"Which way to the digital lab, if you don't mind?",1
"Excuse me, but I'm a bit disoriented. How do I find the digital electronics lab?",1
I'm trying to find the digital electronics laboratory. Any help?,1
Where can I locate the digital lab within the premises?,1
"Sorry, but I'm unfamiliar with the area. Can you point me to the digital lab?",1
Is the digital electronics laboratory close by? I need to go there.,1
I'm in search of the digital electronics lab. Can you provide directions?,1
Do you know the way to the digital lab on this campus?,1
I've been wandering around looking for the digital electronic lab. Can you assist me?,1
How do I get to the digital electronic laboratory from my current location?,1
Can you help me find the digital electronic lab? I'm lost.,1
I need directions to the digital electronic lab. Can you tell me how to get there?,1
"Hi, I'm new here. Can you tell me where the digital electronic lab is?",1
I can't find the digital lab on my own. Can you guide me?,1
I'm trying to reach the digital electronic laboratory. Can you direct me?,1
Do you know where the digital electronic lab is located?,1
I'm having trouble finding the digital electronic lab. Can you show me the way?,1
Where is the digital laboratory? I need to get there.,1
"Excuse me, I'm searching for the digital lab. Any clues on its location?",1
I'm having trouble finding the digital electronic laboratory. Can you assist me?,1
Where's the digital lab situated? I'm a bit disoriented.,1
The digital lab is my destination. Can you guide me there?,1
I'm looking for directions to the digital electronic lab. Can you help?,1
"Can you direct me to the digital electronic laboratory, please?",1
How can I reach the digital electronics lab? I seem to be lost.,1
I'm new to this place. Can you show me the way to the digital lab?,1
I need to find the digital electronics laboratory. Can you assist me?,1
I'm in search of the digital electronics lab. Can you point me in the right direction?,1
"I've heard about the digital lab, but I'm not sure where it is.",1
Do you know where the digital electronics laboratory is located?,1
I'm not familiar with this area. Can you tell me where the digital lab is?,1
I'm trying to find the digital lab. Can you guide me there?,1
"Sorry, but I've lost my way. How can I reach the digital electronic lab?",1
Can you guide me to the digital electronics laboratory? I'm lost.,1
I'm searching for the digital electronics lab. Can you provide directions?,1
I'm not sure how to get to the digital electronic lab. Can you help me?,1
Which path leads to the digital electronic laboratory from here?,1
Can you assist me in finding the digital electronics lab? I'm lost.,1
I'm on a quest to find the digital lab. Can you assist me?,1
Is there a map showing the way to the digital electronics laboratory?,1
"I've been wandering around, but I can't locate the digital lab. Can you help?",1
How do I reach the digital lab from this point?,1
Can you provide me with directions to the digital electronic laboratory?,1
I've been looking for the digital electronics lab. Can you direct me there?,1
Where can I find the digital lab within this area?,1
Is the digital laboratory nearby? I need to reach it.,1
I've heard about the digital electronic lab but don't know where it is. Can you help?,1
Can you tell me how to get to the digital electronic lab? I'm new here.,1
I'm trying to reach the digital lab. Can you guide me?,1
"Excuse me, but I'm disoriented. How can I locate the digital electronic lab?",1
I'm trying to find the digital electronic laboratory. Can you assist?,1
Do you know where the digital electronics lab is situated?,1
I'm struggling to locate the digital lab. Can you show me the way?,1
Can you tell me how to reach the digital electronics lab on this campus?,1
I need directions to the digital electronics lab. Can you help me get there?,1
"Hi, I'm lost. Can you direct me to the digital laboratory?",1
I'm in search of the digital lab. Can you point me in the right direction?,1
How do I get to the digital laboratory from where I am now?,1
Can you guide me to the digital electronics lab? I can't find it.,1
Is there a map to the digital electronics laboratory? I seem to be lost.,1
"I've been wandering around, but I can't seem to find the digital electronics lab. Can you help?",1
"Excuse me, I need to find the digital electronic lab. Can you assist me?",1
I'm new to this location. How can I reach the digital electronics lab?,1
Can you show me the way to the digital laboratory?,1
I'm having difficulty finding the digital electronics lab. Can you guide me?,1
Where's the digital electronic laboratory? I need to get there.,1
I'm on the hunt for the digital electronics lab. Can you help me find it?,1
I'm searching for the digital laboratory. Can you help me locate it?,1
I need directions to the digital electronic lab. Can you tell me how to get there?,1
"Hi, I'm looking for the digital lab. Do you know where it is?",1
Could you point me in the right direction for the digital electronics lab?,1
I'm trying to locate the digital electronics laboratory. Any idea?,1
"Sorry, I'm new here. How do I get to the digital electronic lab?",1
I'm a bit turned around. Can you direct me to the digital electronics lab?,1
I can't seem to find the digital lab. Can you give me directions?,1
I'm looking for the digital electronic laboratory. Can you show me the way?,1
"Excuse me, which way to the digital electronic lab, please?",1
Where is the digital lab located? I need to find it.,1
I'm lost on campus. Can you help me locate the digital electronic lab?,1
I've been searching for the digital lab. How can I reach it?,1
Do you know how I can get to the digital electronics laboratory?,1
I'm trying to get to the digital electronic lab. Any guidance?,1
I'm not sure where the digital lab is. Can you point me there?,1
How can I reach the digital electronic laboratory from here?,1
"Excuse me, I'm trying to locate the digital electronic lab. Any idea where it is?",1
Where's the digital electronics lab situated? I'm a bit disoriented.,1
The digital lab is my destination. Can you guide me there?,1
I'm looking for directions to the digital electronics lab. Can you help?,1
"Can you direct me to the digital electronics laboratory, please?",1
How can I reach the digital electronics lab? I seem to be lost.,1
I'm new to this place. Can you show me the way to the digital lab?,1
I need to find the digital laboratory. Can you assist me?,1
I'm in search of the digital electronic lab. Can you point me in the right direction?,1
"I've heard about the digital electronics lab, but I'm not sure where it is.",1
Do you know where the digital electronic laboratory is located?,1
I'm not familiar with this area. Can you tell me where the digital lab is?,1
I'm trying to find the digital electronics lab. Can you guide me there?,1
"Sorry, but I've lost my way. How can I reach the digital lab?",1
Can you guide me to the digital electronics laboratory? I'm lost.,1
I'm searching for the digital lab. Can you provide directions?,1
I'm not sure how to get to the digital electronics lab. Can you help me?,1
Which path leads to the digital laboratory from here?,1
Can you assist me in finding the digital electronic lab? I'm lost.,1
I'm on a quest to find the digital electronic lab. Can you assist me?,1
Is there a map showing the way to the digital electronics laboratory?,1
"I've been wandering around, but I can't locate the digital lab. Can you help?",1
How do I reach the digital lab from this point?,1
Can you provide me with directions to the digital laboratory?,1
I've been looking for the digital electronic lab. Can you direct me there?,1
Where can I find the digital lab within this area?,1
Is the digital laboratory nearby? I need to reach it.,1
I've heard about the digital electronic lab but don't know where it is. Can you help?,1
Can you tell me how to get to the digital electronics lab? I'm new here.,1
I'm trying to reach the digital lab. Can you guide me?,1
"Excuse me, but I'm disoriented. How can I locate the digital electronics lab?",1
I'm trying to find the digital electronics laboratory. Can you assist?,1
Do you know where the digital electronics lab is situated?,1
I'm struggling to locate the digital lab. Can you show me the way?,1
Can you tell me how to reach the digital lab on this campus?,1
I need directions to the digital electronics lab. Can you help me get there?,1
"Hi, I'm lost. Can you direct me to the digital laboratory?",1
I'm in search of the digital electronic lab. Can you point me in the right direction?,1
How do I get to the digital electronic laboratory from where I am now?,1
Can you guide me to the digital electronics lab? I can't find it.,1
Is there a map to the digital electronics laboratory? I seem to be lost.,1
"I've been wandering around, but I can't seem to find the digital electronic lab. Can you help?",1
"Excuse me, I need to find the digital electronics lab. Can you assist me?",1
I'm new to this location. How can I reach the digital lab?,1
Can you show me the way to the digital electronics laboratory?,1
I'm having difficulty finding the digital electronic lab. Can you guide me?,1
Where's the digital electronics laboratory? I need to get there.,1
I'm on the hunt for the digital electronics lab. Can you help me find it?,1
I'm searching for the digital electronics laboratory. Can you help me locate it?,1
I need directions to the digital lab. Can you tell me how to get there?,1
"Hi, I'm looking for the digital electronic lab. Do you know where it is?",1
Could you point me in the right direction for the digital lab?,1
I'm trying to locate the digital electronic laboratory. Any idea?,1
"Sorry, I'm new here. How do I get to the digital electronics lab?",1
I'm a bit turned around. Can you direct me to the digital lab?,1
I can't seem to find the digital lab. Can you give me directions?,1
I'm looking for the digital electronic laboratory. Can you show me the way?,1
"Excuse me, which way to the digital lab, please?",1
Where is the digital electronics lab located? I need to find it.,1
I'm lost on campus. Can you help me locate the digital lab?,1
I've been searching for the digital electronic lab. How can I reach it?,1
Do you know how I can get to the digital electronic laboratory?,1
I'm trying to get to the digital electronic lab. Any guidance?,1
I'm not sure where the digital lab is. Can you point me there?,1
How can I reach the digital electronics laboratory from here?,1
"Excuse me, I'm trying to locate the digital lab. Any idea where it is?",1
Where's the digital lab situated? I'm a bit disoriented.,1
The digital lab is my destination. Can you guide me there?,1
I'm looking for directions to the digital electronic lab. Can you help?,1
"Can you direct me to the digital laboratory, please?",1
How can I reach the digital lab? I seem to be lost.,1
I'm new to this place. Can you show me the way to the digital electronic lab?,1
I need to find the digital laboratory. Can you assist me?,1
I'm in search of the digital electronics lab. Can you point me in the right direction?,1
"I've heard about the digital lab, but I'm not sure where it is.",1
Do you know where the digital laboratory is located?,1
I'm not familiar with this area. Can you tell me where the digital electronics lab is?,1
I'm trying to find the digital lab. Can you guide me there?,1
"Sorry, but I've lost my way. How can I reach the digital electronic lab?",1
Can you guide me to the digital electronics laboratory? I'm lost.,1
I'm searching for the digital electronics lab. Can you provide directions?,1
I'm not sure how to get to the digital electronic lab. Can you help me?,1
Which path leads to the digital electronics laboratory from here?,1
Can you assist me in finding the digital electronics lab? I'm lost.,1
