Direct me to the analog lab.,1
Provide directions to the digital electronic lab.,1
Guide me to the department office.,1
Lead me to the computer lab.,1
I need to find the analog electronic laboratory.,1
Give me directions to the digital lab.,1
Show me the way to the department office.,1
Take me to the computer laboratory.,1
I'm looking for directions to the analog lab.,1
Direct me to the digital electronic lab.,1
Guide me to the department office.,1
Lead me to the computer lab.,1
Provide me with directions to the analog electronic laboratory.,1
Give me directions to the digital lab.,1
Show me the way to the department office.,1
Take me to the computer laboratory.,1
I need directions to the analog lab.,1
Direct me to the digital electronic lab.,1
Guide me to the department office.,1
Lead me to the computer lab.,1
I'm searching for directions to the analog electronic laboratory.,1
Provide directions to the digital lab.,1
Show me the way to the department office.,1
Take me to the computer laboratory.,1
I'm in need of directions to the analog lab.,1
Direct me to the digital electronic lab.,1
Guide me to the department office.,1
Lead me to the computer lab.,1
Help me find the analog electronic laboratory.,1
Give me directions to the digital lab.,1
Show me the way to the department office.,1
Take me to the computer laboratory.,1
I'm looking for directions to the analog lab.,1
Direct me to the digital electronic lab.,1
Guide me to the department office.,1
Lead me to the computer lab.,1
Provide me with directions to the analog electronic laboratory.,1
Give me directions to the digital lab.,1
Show me the way to the department office.,1
Take me to the computer laboratory.,1
I need directions to the analog lab.,1
Direct me to the digital electronic lab.,1
Guide me to the department office.,1
Lead me to the computer lab.,1
I'm searching for directions to the analog electronic laboratory.,1
Provide directions to the digital lab.,1
Show me the way to the department office.,1
Take me to the computer laboratory.,1
I'm in need of directions to the analog lab.,1
Direct me to the digital electronic lab.,1
Guide me to the department office.,1
Lead me to the computer lab.,1
Help me find the analog electronic laboratory.,1
Give me directions to the digital lab.,1
Show me the way to the department office.,1
Take me to the computer laboratory.,1
I'm looking for directions to the analog lab.,1
Direct me to the digital electronic lab.,1
Guide me to the department office.,1
Lead me to the computer lab.,1
Provide me with directions to the analog electronic laboratory.,1
Give me directions to the digital lab.,1
Show me the way to the department office.,1
Take me to the computer laboratory.,1
I need directions to the analog lab.,1
Direct me to the digital electronic lab.,1
Guide me to the department office.,1
Lead me to the computer lab.,1
I'm searching for directions to the analog electronic laboratory.,1
Provide directions to the digital lab.,1
Show me the way to the department office.,1
Take me to the computer laboratory.,1
I'm in need of directions to the analog lab.,1
Direct me to the digital electronic lab.,1
Guide me to the department office.,1
Lead me to the computer lab.,1
Help me find the analog electronic laboratory.,1
Give me directions to the digital lab.,1
Show me the way to the department office.,1
Take me to the computer laboratory.,1
I'm looking for directions to the analog lab.,1
Direct me to the digital electronic lab.,1
Guide me to the department office.,1
Lead me to the computer lab.,1
Provide me with directions to the analog electronic laboratory.,1
Give me directions to the digital lab.,1
Show me the way to the department office.,1
Take me to the computer laboratory.,1
I need directions to the analog lab.,1
Direct me to the digital electronic lab.,1
Guide me to the department office.,1
Lead me to the computer lab.,1
I'm searching for directions to the analog electronic laboratory.,1
Provide directions to the digital lab.,1
Show me the way to the department office.,1
Take me to the computer laboratory.,1
I'm in need of directions to the analog lab.,1
Direct me to the digital electronic lab.,1
Guide me to the department office.,1
Lead me to the computer lab.,1
Help me find the analog electronic laboratory.,1
Give me directions to the digital lab.,1
Show me the way to the department office.,1
Take me to the computer laboratory.,1
I'm looking for directions to the analog lab.,1
Direct me to the digital electronic lab.,1
Guide me to the department office.,1
Lead me to the computer lab.,1
Provide me with directions to the analog electronic laboratory.,1
Give me directions to the digital lab.,1
Show me the way to the department office.,1
Take me to the computer laboratory.,1
I need directions to the analog lab.,1
Direct me to the digital electronic lab.,1
Guide me to the department office.,1
Lead me to the computer lab.,1
I'm searching for directions to the analog electronic laboratory.,1
Provide directions to the digital lab.,1
Show me the way to the department office.,1
Take me to the computer laboratory.,1
I'm in need of directions to the analog lab.,1
Direct me to the digital electronic lab.,1
Guide me to the department office.,1
Lead me to the computer lab.,1
Help me find the analog electronic laboratory.,1
Give me directions to the digital lab.,1
Show me the way to the department office.,1
